{
  "totalRows": 1599183,
  "totalPages": 62127,
  "totalSizeMB": 242.68359375000,
  "approximateSizeGB": 0.23699569702148438,
  "retrievedAt": "2025-12-14T18:48:11.8691326+01:00"
}