{
  "totalRows": 1599183,
  "totalPages": 62127,
  "totalSizeMB": 242.68359375000,
  "approximateSizeGB": 0.23699569702148438,
  "retrievedAt": "2026-01-07T14:52:45.537382+01:00"
}