{
  "schema": "INL",
  "tableCount": 15,
  "totalRows": 833627,
  "totalDataPages": 21297,
  "totalIndexPages": 22046,
  "totalSizeMB": 169.30859375000,
  "retrievedAt": "2025-12-16T15:02:08.3047358+01:00"
}