{
  "schema": "INL",
  "tableCount": 15,
  "totalRows": 833627,
  "totalDataPages": 21297,
  "totalIndexPages": 22046,
  "totalSizeMB": 169.30859375000,
  "retrievedAt": "2026-01-07T14:52:48.0189527+01:00"
}