{
  "schema": "INL",
  "tableCount": 15,
  "totalRows": 833627,
  "totalDataPages": 21297,
  "totalIndexPages": 22046,
  "totalSizeMB": 169.30859375000,
  "retrievedAt": "2025-12-15T10:03:16.4430373+01:00"
}